INSERT INTO PAIS (COD_PAIS, NB_PAIS) VALUES
(1, 'Venezuela');

INSERT INTO CIUDAD (COD_CIUDAD, NB_CIUDAD, COD_PAIS) VALUES
(1, 'Caracas', 1),
(2, 'Valencia', 1),
(3, 'Barquisimeto', 1),
(4, 'Puerto Ordaz', 1),
(5, 'Mérida', 1),
(6, 'Porlamar', 1),
(7, 'Maracay', 1),
(8, 'San Cristóbal', 1);

INSERT INTO SEDE (COD_SEDE, NB_SEDE, COD_CIUDAD) VALUES
(1, 'Poliedro de Caracas', 1),
(2, 'Hesperia WTC Valencia', 2),
(3, 'JW Marriott Hotel Caracas', 1),
(4, 'CIEC Universidad Metropolitana', 1),
(5, 'Lidotel Barquisimeto', 3),
(6, 'Rosa Bela Hotel & Convention Center', 4),
(7, 'Centro de Convenciones Mucumbarila', 5),
(8, 'Wyndham Concorde Resort', 6),
(9, 'Renaissance Caracas La Castellana', 1),
(10, 'Hesperia Maracay', 7),
(11, 'Hotel Trinitarias Suites', 3),
(12, 'Eurobuilding Hotel & Suites Guayana', 4),
(13, 'CCCT Nivel Terraza', 1),
(14, 'Lidotel San Cristóbal', 8),
(15, 'Hotel Manantial Valencia', 2),
(16, 'Marriott Maracay Golf Resort', 7),
(17, 'Hotel Tiffany', 3),
(18, 'Convención Hotel Boutique', 6),
(19, 'Hotel Cayena', 1),
(20, 'Posada El Remanso', 8);

INSERT INTO TIPO_EVENTO (COD_TIPO_EVENTO, NB_TIPO_EVENTO) VALUES
(1, 'Feria'),
(2, 'Bazar'),
(3, 'Exposición');

INSERT INTO EVENTO (COD_EVENTO, NB_EVENTO, FECHA_INICIO, FECHA_FIN, DESCRIPCION, COD_SEDE, EMAIL, COD_TIPO_EVENTO) VALUES
(1, 'Expo Construya Venezuela 2025', '2025-03-15', '2025-03-20', 'Expo Construya Venezuela 2025', 1, 'ex@mple.com', 3),
(2, 'Congreso Médico Nacional', '2025-04-10', '2025-04-12', 'Congreso Médico Nacional', 2, 'ex@mple.com', 3),
(3, 'Gran Bazar Navideño CCCT', '2025-11-15', '2025-12-20', 'Gran Bazar Navideño CCCT', 13, 'ex@mple.com', 2),
(4, 'Expo Metal Bolívar 2025', '2025-05-20', '2025-05-24', 'Expo Metal Bolívar 2025', 6, 'ex@mple.com', 1),
(5, 'FitVen Andina', '2025-08-05', '2025-08-09', 'FitVen Andina', 7, 'ex@mple.com', 1),
(6, 'ExpoFerre Valencia', '2025-06-12', '2025-06-15', 'ExpoFerre Valencia', 2, 'ex@mple.com', 3),
(7, 'Lara Gastronómica', '2025-07-01', '2025-07-03', 'Lara Gastronómica', 5, 'ex@mple.com', 1),
(8, 'Tech Summit Caracas', '2025-09-10', '2025-09-11', 'Tech Summit Caracas', 9, 'ex@mple.com', 3),
(9, 'Expo Boda Maracay', '2025-02-14', '2025-02-16', 'Expo Boda Maracay', 16, 'ex@mple.com', 3),
(10, 'Feria del Libro del Caribe', '2025-04-23', '2025-04-28', 'Feria del Libro del Caribe', 8, 'ex@mple.com', 1),
(11, 'Congreso Petrolero Junior', '2025-10-05', '2025-10-07', 'Congreso Petrolero Junior', 12, 'ex@mple.com', 3),
(12, 'Bazar de las Madres', '2025-05-01', '2025-05-05', 'Bazar de las Madres', 4, 'ex@mple.com', 2),
(13, 'AutoShow Caracas', '2025-11-01', '2025-11-10', 'AutoShow Caracas', 1, 'ex@mple.com', 3),
(14, 'Expo Inmobiliaria Centro', '2025-03-25', '2025-03-27', 'Expo Inmobiliaria Centro', 15, 'ex@mple.com', 3),
(15, 'Feria Agroindustrial Táchira', '2025-01-20', '2025-01-30', 'Feria Agroindustrial Táchira', 14, 'ex@mple.com', 1),
(16, 'Convención Bancaria 2025', '2025-06-20', '2025-06-21', 'Convención Bancaria 2025', 3, 'ex@mple.com', 3),
(17, 'Expo Moda & Textiles', '2025-07-15', '2025-07-18', 'Expo Moda & Textiles', 10, 'ex@mple.com', 1),
(18, 'Feria Artesanal de Los Andes', '2025-12-01', '2025-12-10', 'Feria Artesanal de Los Andes', 18, 'ex@mple.com', 2),
(19, 'Rueda de Negocios Occidente', '2025-09-05', '2025-09-06', 'Rueda de Negocios Occidente', 11, 'ex@mple.com', 3),
(20, 'Caracas Design Week', '2025-06-01', '2025-06-07', 'Caracas Design Week', 19, 'ex@mple.com', 3);

INSERT INTO TIPO_STAND (COD_TIPO_STAND, NB_TIPO_STAND) VALUES
(1, 'Mínimo'),
(2, 'Estándar'),
(3, 'Máximo/Ajustable');

INSERT INTO EVENTO_STAND (COD_EVENTO, COD_TIPO_STAND, CANTIDAD_ESTIMADA, MTS2, PRECIO) VALUES
(1,1,10,4,400),
(1,2,5,9,1200),
(1,3,2,20,3500),
(2,1,8,4,600),
(2,2,4,9,1500),
(2,3,3,18,4000),
(3,1,10,3,250),
(3,2,5,6,600),
(3,3,2,12,1000),
(4,1,8,6,500),
(4,2,4,12,1300),
(4,3,2,30,4500),
(5,1,8,4,300),
(5,2,4,9,800),
(5,3,2,25,2200),
(6,1,8,5,350),
(6,2,4,10,900),
(6,3,2,20,2000),
(7,1,8,3,150),
(7,2,4,6,400),
(7,3,2,15,900),
(8,1,8,4,800),
(8,2,4,9,2000),
(8,3,2,18,5000),
(9,1,8,4,350),
(9,2,4,8,750),
(9,3,2,16,1800),
(10,1,8,3,100),
(10,2,4,6,300),
(10,3,2,15,800),
(11,1,8,5,500),
(11,2,4,9,1200),
(11,3,2,20,3000),
(12,1,8,2,150),
(12,2,4,4,350),
(12,3,2,8,700),
(13,1,10,10,2000),
(13,2,20,20,5000),
(13,3,100,100,15000),
(14,1,8,4,400),
(14,2,5,9,1000),
(14,3,2,15,2500),
(15,1,8,6,200),
(15,2,4,12,600),
(15,3,2,50,2000),
(16,1,8,4,1000),
(16,2,4,9,3000),
(16,3,2,18,6000),
(17,1,8,4,250),
(17,2,4,9,600),
(17,3,2,20,1500),
(18,1,2,2,50),
(18,2,4,4,120),
(18,3,2,8,300),
(19,1,8,4,300),
(19,2,4,9,700),
(19,3,2,15,1500),
(20,1,8,6,1000),
(20,2,4,15,3000),
(20,3,2,40,8000);

INSERT INTO CATEGORIA (COD_CATEGORIA, NB_CATEGORIA) VALUES
(1, 'Tecnología'),
(2, 'Salud'),
(3, 'Moda'),
(4, 'Alimentos'),
(5, 'Construcción'),
(6, 'Hogar y Decoración'),
(7, 'Banca y Finanzas'),
(8, 'Automotriz');

INSERT INTO SUBCATEGORIA (COD_SUB_CATEGORIA, NB_SUB_CATEGORIA, COD_CATEGORIA) VALUES
(1, 'Electrónica', 1),
(2, 'Software', 1),
(3, 'Hardware', 1),
(4, 'Telecomunicaciones', 1),
(5, 'Equipos Médicos', 2),
(6, 'Servicios de Salud', 2),
(7, 'Ropa Casual', 3),
(8, 'Ropa Formal', 3),
(9, 'Calzado', 3),
(10, 'Comida Saludable', 4),
(11, 'Comida Rápida', 4),
(12, 'Postres y Dulces', 4),
(13, 'Bebidas Alcohólicas', 4),
(14, 'Bebidas No Alcohólicas', 4),
(15, 'Cemento y Concreto', 5),
(16, 'Acabados y Revestimientos', 5),
(17, 'Herramientas Eléctricas', 5),
(18, 'Muebles', 6),
(19, 'Decoración', 6),
(20, 'Electrodomésticos', 6),
(21, 'Pinturas y Recubrimientos', 6),
(22, 'Seguros', 7),
(23, 'Servicios Financieros', 7),
(24, 'Préstamos y Créditos', 7),
(25, 'Vehículos Nuevos', 8),
(26, 'Vehículos Usados', 8),
(27, 'Repuestos y Accesorios', 8);

INSERT INTO CLIENTE (COD_CLIENTE, NB_CLIENTE, CI_RIF, TELEFONO, DIRECCION, EMAIL) VALUES
(1, 'Alimentos Polar C.A.', 'J-00006372-0', '4142223344', 'Caracas', 'ventas@polar.com'),
(2, 'Ferretería EPA C.A.', 'J-00287654-0', '4125556677', 'Valencia', 'contacto@epa.com.ve'),
(3, 'Banesco Banco Universal', 'J-07013380-0', '4141112233', 'Caracas', 'eventos@banesco.com'),
(4, 'Corporación Digitel C.A.', 'J-30468971-0', '4121234567', 'Caracas', 'corp@digitel.com.ve'),
(5, 'Pastas Capri C.A.', 'J-00034567-0', '4145678900', 'Barquisimeto', 'info@pastascapri.com'),
(6, 'Siderúrgica del Orinoco', 'J-00055555-0', '4269998877', 'Puerto Ordaz', 'rel@sidor.gob.ve'),
(7, 'Farmatodo C.A.', 'J-00020200-0', '4143334455', 'Caracas', 'prov@farmatodo.com'),
(8, 'Constructora Sambil', 'J-29481234-0', '4129990000', 'Caracas', 'cc@sambil.com'),
(9, 'Ron Santa Teresa', 'J-00045678-0', '4144445566', 'Maracay', 'exp@santateresa.com'),
(10, 'Venezolana de Pinturas', 'J-00123123-0', '4144123123', 'Valencia', 'ven@venezolanap.com'),
(11, 'Chocolate El Rey', 'J-00098765-0', '4127778899', 'Barquisimeto', 'info@elrey.com'),
(12, 'Mercantil Banco', 'J-00002961-0', '4142345678', 'Caracas', 'mkt@mercantil.com'),
(13, 'Toyota de Venezuela', 'J-00067890-0', '4148889900', 'Cumaná', 'vts@toyota.com.ve'),
(14, 'Café Flor de Patria', 'J-30890123-0', '4165554433', 'Trujillo', 'cafe@flordepatria.com'),
(15, 'Plumrose Latinoamericana', 'J-00032145-0', '4141230987', 'Caracas', 'serv@plumrose.com'),
(16, 'Materiales La Guacamaya', 'J-40123456-0', '4244567890', 'Valencia', 'vts@guacamaya.com'),
(17, 'Hesperia Inversiones', 'J-31234567-0', '4120009988', 'Valencia', 'ev@hesperia.com.ve'),
(18, 'Seguros Caracas', 'J-00033322-0', '4149998877', 'Caracas', 'attn@seguroscaracas.com'),
(19, 'Carlos Pérez (Artesano)', 'V-12345678-0', '4162223344', 'Mérida', 'arte@carlosperez.com'),
(20, 'Cerámicas Carabobo', 'J-00044455-0', '4144556677', 'Valencia', 'vts@ceramicas.com');

INSERT INTO CONTRATO (NRO_STAND, COD_EVENTO, COD_TIPO_STAND, FECHA_ALQUILER, COD_CLIENTE, MTS2, MONTO, COD_SUB_CATEGORIA) VALUES
(1, 6, 3, '2025-01-15', 2, 20, 2000, 17),
(2, 1, 3, '2024-12-01', 2, 20, 7000, 17),
(3, 1, 2, '2024-12-10', 20, 9, 4800, 16),
(4, 7, 3, '2025-02-20', 1, 15, 900, 10),
(5, 3, 3, '2025-09-01', 1, 12, 1000, 13),
(6, 7, 2, '2025-03-05', 9, 6, 800, 13),
(7, 4, 3, '2025-01-10', 6, 30, 4500, 15),
(8, 13, 3, '2025-08-01', 13, 100, 30000, 25),
(9, 16, 2, '2025-04-01', 3, 9, 3000, 23),
(10, 16, 2, '2025-04-02', 12, 9, 3000, 23),
(11, 8, 2, '2025-06-01', 4, 9, 2000, 4),
(12, 1, 2, '2024-11-20', 10, 9, 2400, 21),
(13, 2, 2, '2025-01-15', 7, 9, 3000, 6),
(14, 3, 2, '2025-10-01', 15, 6, 600, 11),
(15, 7, 2, '2025-05-01', 5, 6, 400, 11),
(16, 6, 2, '2025-02-28', 16, 10, 2700, 15),
(17, 14, 2, '2025-01-10', 8, 9, 2000, 16),
(18, 13, 1, '2025-09-15', 18, 10, 2000, 22),
(19, 18, 2, '2025-10-20', 11, 4, 120, 12),
(20, 15, 2, '2024-12-20', 14, 12, 1200, 14),
(21, 18, 1, '2025-11-01', 19, 2, 50, 19),
(22, 8, 3, '2025-07-01', 3, 18, 5000, 23),
(23, 15, 3, '2025-01-05', 1, 50, 2000, 11),
(24, 14, 1, '2025-02-01', 10, 4, 400, 21),
(25, 13, 1, '2025-10-01', 4, 10, 2000, 4),
(26, 14, 2, '2025-02-15', 2, 9, 1000, 17),
(27, 11, 3, '2025-09-01', 6, 20, 3000, 15),
(28, 5, 3, '2025-06-01', 9, 25, 2200, 13),
(29, 5, 2, '2025-06-15', 17, 9, 1600, 18),
(30, 8, 2, '2025-08-01', 12, 9, 2000, 23);

INSERT INTO VISITANTE (COD_VISITANTE, NB_VISITANTE, CEDULA, SEXO, EMAIL) VALUES
(1, 'Carlos Alberto Pérez Rodríguez', 'V15432198', 'M', 'carlos.p@gmail.com'),
(2, 'María Alejandra González López', 'V22987654', 'F', 'maria.g@hotmail.com'),
(3, 'Luis Enrique Martínez Hernández', 'V18765432', 'M', 'luis.m@yahoo.es'),
(4, 'Ana Sofía Fernández Díaz', 'V25112233', 'F', 'ana.f@gmail.com'),
(5, 'José Gregorio García Sánchez', 'V12345678', 'M', 'jose.g@cantv.net'),
(6, 'Elena Cristina Romero Silva', 'V28998877', 'F', 'elena.r@gmail.com'),
(7, 'Pedro Manuel Torres Castillo', 'V19001002', 'M', 'pedro.t@gmail.com'),
(8, 'Carmen Teresa Ramírez Mendoza', 'V21334455', 'F', 'carmen.r@hotmail.com'),
(9, 'Miguel Ángel Vargas Ruiz', 'V14556677', 'M', 'miguel.v@gmail.com'),
(10, 'Laura Victoria Castro Medina', 'V24887766', 'F', 'laura.c@gmail.com'),
(11, 'Andrés Eloy Blanco Jiménez', 'V16777888', 'M', 'andres.b@yahoo.com'),
(12, 'Patricia Carolina Silva Morales', 'V23112233', 'F', 'patricia.s@gmail.com'),
(13, 'Ricardo José Mendoza Ortiz', 'V13445566', 'M', 'ricardo.m@hotmail.com'),
(14, 'Valentina Isabel Núñez Rojas', 'V26554433', 'F', 'valentina.n@gmail.com'),
(15, 'Gabriel Antonio Flores Méndez', 'V17889900', 'M', 'gabriel.f@gmail.com'),
(16, 'Daniela Alejandra Rivas Pacheco', 'V20112233', 'F', 'daniela.r@gmail.com'),
(17, 'Francisco Javier León Cordero', 'V15667788', 'M', 'francisco.l@cantv.net'),
(18, 'Andrea Paola Paredes Guzmán', 'V27001002', 'F', 'andrea.p@gmail.com'),
(19, 'Jesús María Delgado Vera', 'V11223344', 'M', 'jesus.d@hotmail.com'),
(20, 'Gabriela Sofía Camacho Gil', 'V29112233', 'F', 'gabriela.c@gmail.com'),
(21, 'Roberto Antonio Castillo Gil', 'V16543210', 'M', 'roberto.c@gmail.com'),
(22, 'Sofía Elena Méndez Rivas', 'V21987654', 'F', 'sofia.m@hotmail.com'),
(23, 'Alejandro José Peña Vargas', 'V19765432', 'M', 'alejandro.p@yahoo.es'),
(24, 'Camila Victoria Ríos Guzmán', 'V24112233', 'F', 'camila.r@gmail.com'),
(25, 'Fernando Javier Silva Mendoza', 'V13345678', 'M', 'fernando.s@cantv.net'),
(26, 'Valeria Valentina Romero Castro', 'V27998877', 'F', 'valeria.r@gmail.com'),
(27, 'Diego Armando Torres Medina', 'V18001002', 'M', 'diego.t@gmail.com'),
(28, 'Isabella María Ramírez Flores', 'V22334455', 'F', 'isabella.r@hotmail.com'),
(29, 'Samuel David Vargas León', 'V15556677', 'M', 'samuel.v@gmail.com'),
(30, 'Mariana Andreína Castro Paredes', 'V25887766', 'F', 'mariana.c@gmail.com'),
(31, 'Manuel Alejandro Blanco Delgado', 'V17777888', 'M', 'manuel.b@yahoo.com'),
(32, 'Lucía Fernanda Silva Camacho', 'V24112233', 'F', 'lucia.s@gmail.com'),
(33, 'Javier Eduardo Mendoza Castillo', 'V14445566', 'M', 'javier.m@hotmail.com'),
(34, 'Paula Andrea Núñez Méndez', 'V27554433', 'F', 'paula.n@gmail.com'),
(35, 'Santiago Miguel Flores Peña', 'V18889900', 'M', 'santiago.f@gmail.com'),
(36, 'Antonella Sofía Rivas Ríos', 'V21112233', 'F', 'antonella.r@gmail.com'),
(37, 'Sebastián José León Silva', 'V16667788', 'M', 'sebastian.l@cantv.net'),
(38, 'Emilia Victoria Paredes Romero', 'V28001002', 'F', 'emilia.p@gmail.com'),
(39, 'Matías Alejandro Delgado Torres', 'V12223344', 'M', 'matias.d@hotmail.com'),
(40, 'Victoria Valentina Camacho Ramírez', 'V30112233', 'F', 'victoria.c@gmail.com'),
(41, 'Leonardo Fabio Rojas Gil', 'V17654321', 'M', 'leonardo.r@gmail.com'),
(42, 'Clara Inés Soto Méndez', 'V23098765', 'F', 'clara.s@hotmail.com'),
(43, 'Eduardo Luis Medina Vargas', 'V20876543', 'M', 'eduardo.m@yahoo.es'),
(44, 'Sara Gabriela Vega Guzmán', 'V26223344', 'F', 'sara.v@gmail.com'),
(45, 'Hugo Rafael Cordero Mendoza', 'V14456789', 'M', 'hugo.c@cantv.net'),
(46, 'Julieta Marina Pineda Castro', 'V29009988', 'F', 'julieta.p@gmail.com'),
(47, 'Daniel Alfonso Navarro Medina', 'V19112003', 'M', 'daniel.n@gmail.com'),
(48, 'Rosana María Guerrero Flores', 'V23445566', 'F', 'rosana.g@hotmail.com'),
(49, 'Pablo Emilio Escobar León', 'V16667788', 'M', 'pablo.e@gmail.com'),
(50, 'Ximena Paola Fuentes Paredes', 'V26998877', 'F', 'ximena.f@gmail.com'),
(51, 'Ramón José Valera Delgado', 'V18888999', 'M', 'ramon.v@yahoo.com'),
(52, 'Adriana Carolina Zambrano Camacho', 'V25223344', 'F', 'adriana.z@gmail.com'),
(53, 'Óscar David Machillanda Castillo', 'V15556677', 'M', 'oscar.m@hotmail.com'),
(54, 'Fabiana Isabel Quintero Méndez', 'V28665544', 'F', 'fabiana.q@gmail.com'),
(55, 'Víctor Manuel Salcedo Peña', 'V19990011', 'M', 'victor.s@gmail.com'),
(56, 'Rebeca Sofía Colmenares Ríos', 'V22223344', 'F', 'rebeca.c@gmail.com'),
(57, 'Guillermo Andrés Dávila Silva', 'V17778899', 'M', 'guillermo.d@cantv.net'),
(58, 'Manuela Paz Araujo Romero', 'V29002003', 'F', 'manuela.a@gmail.com'),
(59, 'Héctor Luis Bolívar Torres', 'V13334455', 'M', 'hector.b@hotmail.com'),
(60, 'Renata Valentina Pacheco Ramírez', 'V31223344', 'F', 'renata.p@gmail.com'),
(61, 'Jorge Luis Espinoza Gil', 'V18765432', 'M', 'jorge.e@gmail.com'),
(62, 'Beatriz Elena Villasmil Méndez', 'V24109876', 'F', 'beatriz.v@hotmail.com'),
(63, 'Raúl Eduardo Cedeño Vargas', 'V21987654', 'M', 'raul.c@yahoo.es'),
(64, 'Gloria María Lozada Guzmán', 'V27334455', 'F', 'gloria.l@gmail.com'),
(65, 'Gustavo Adolfo Montilla Mendoza', 'V15567890', 'M', 'gustavo.m@cantv.net'),
(66, 'Teresa del Carmen Rangel Castro', 'V30110099', 'F', 'teresa.r@gmail.com'),
(67, 'Felipe Santiago Osorio Medina', 'V20223004', 'M', 'felipe.o@gmail.com'),
(68, 'Marcela Josefina Urdaneta Flores', 'V24556677', 'F', 'marcela.u@hotmail.com'),
(69, 'Ignacio José Andrade León', 'V17778899', 'M', 'ignacio.a@gmail.com'),
(70, 'Viviana Patricia Castellanos Paredes', 'V28009988', 'F', 'viviana.c@gmail.com'),
(71, 'Cristóbal Jesús Fuenmayor Delgado', 'V19999000', 'M', 'cristobal.f@yahoo.com'),
(72, 'Lorena Isabel Prieto Camacho', 'V26334455', 'F', 'lorena.p@gmail.com'),
(73, 'Simón Pedro Chirinos Castillo', 'V16667788', 'M', 'simon.c@hotmail.com'),
(74, 'Olivia Sofía Boscán Méndez', 'V29776655', 'F', 'olivia.b@gmail.com'),
(75, 'Tomás Enrique Velásquez Peña', 'V21001122', 'M', 'tomas.v@gmail.com'),
(76, 'Miranda Victoria Guanipa Ríos', 'V23334455', 'F', 'miranda.g@gmail.com'),
(77, 'Alfonso Javier Molina Silva', 'V18889900', 'M', 'alfonso.m@cantv.net'),
(78, 'Aitana Paola Guillén Romero', 'V30003004', 'F', 'aitana.g@gmail.com'),
(79, 'Enrique José Briceño Torres', 'V14445566', 'M', 'enrique.b@hotmail.com'),
(80, 'Bianca Valentina Ferrer Ramírez', 'V32334455', 'F', 'bianca.f@gmail.com'),
(81, 'Nelson Mandela García Gil', 'V19876543', 'M', 'nelson.g@gmail.com'),
(82, 'Carmen Julia López Méndez', 'V25210987', 'F', 'carmen.l@hotmail.com'),
(83, 'Franklin José Rodríguez Vargas', 'V23098765', 'M', 'franklin.r@yahoo.es'),
(84, 'Rosa Margarita Pérez Guzmán', 'V28445566', 'F', 'rosa.p@gmail.com'),
(85, 'Henry Jesús González Mendoza', 'V16678901', 'M', 'henry.g@cantv.net'),
(86, 'Ana María Hernández Castro', 'V31221100', 'F', 'ana.h@gmail.com'),
(87, 'Gilberto Antonio Martínez Medina', 'V21334005', 'M', 'gilberto.m@gmail.com'),
(88, 'Luisa Fernanda Díaz Flores', 'V25667788', 'F', 'luisa.d@hotmail.com'),
(89, 'Wilmer José Sánchez León', 'V18889900', 'M', 'wilmer.s@gmail.com'),
(90, 'Juana de Arco Romero Paredes', 'V29110099', 'F', 'juana.r@gmail.com'),
(91, 'Alexis Ramón Torres Delgado', 'V21110000', 'M', 'alexis.t@yahoo.com'),
(92, 'Petra María Ramírez Camacho', 'V27445566', 'F', 'petra.r@gmail.com'),
(93, 'Euclides Manuel Flores Castillo', 'V17778899', 'M', 'euclides.f@hotmail.com'),
(94, 'Carlota Sofía Acosta Méndez', 'V30887766', 'F', 'carlota.a@gmail.com'),
(95, 'Darwin José Benítez Peña', 'V22112233', 'M', 'darwin.b@gmail.com'),
(96, 'Francia Victoria Medina Ríos', 'V24445566', 'F', 'francia.m@gmail.com'),
(97, 'Kelvin Javier Rivas Silva', 'V20001100', 'M', 'kelvin.r@cantv.net'),
(98, 'Grecia Paola Hidalgo Romero', 'V31114005', 'F', 'grecia.h@gmail.com'),
(99, 'Yonaiker José Perdomo Torres', 'V15556677', 'M', 'yonaiker.p@hotmail.com'),
(100, 'Albani Valentina Mujica Ramírez', 'V33445566', 'F', 'albani.m@gmail.com');

INSERT INTO LEYENDA_ESTRELLAS (COD_LEYENDA_ESTRELLAS, NB_DESCRIPCION) VALUES
(1, 'Malo'),
(2, 'Regular'),
(3, 'Bueno'),
(4, 'Muy Bueno'),
(5, 'Excelente');

INSERT INTO ENTRADA (NRO_ENTRADA, COD_EVENTO, FECHA_ENTRADA, HORA_ENTRADA, COD_VISITANTE, RECOMIENDA_AMIGO, CALIFICACION, COD_LEYENDA_ESTRELLAS) VALUES
(1, 1, '2025-03-16', '2025-03-16 10:30:00', 1, TRUE, 'Excelente organización y seguridad.', 5),
(2, 3, '2025-11-20', '2025-11-20 15:45:00', 1, TRUE, 'Muy buenas ofertas en el bazar.', 4),
(3, 13, '2025-11-02', '2025-11-02 11:00:00', 1, TRUE, 'Los carros increíbles, pero mucha cola para entrar.', 4),
(4, 2, '2025-04-11', '2025-04-11 09:00:00', 2, TRUE, 'Conferencias de alto nivel, valió la pena.', 5),
(5, 6, '2025-06-13', '2025-06-13 14:20:00', 2, FALSE, 'Mucho calor y pocos stands interesantes.', 2),
(6, 5, '2025-08-06', '2025-08-06 16:00:00', 3, TRUE, 'Buena iniciativa para el turismo andino.', 4),
(7, 20, '2025-06-02', '2025-06-02 18:30:00', 4, TRUE, 'El diseño del evento fue espectacular.', 5),
(8, 8, '2025-09-10', '2025-09-10 10:15:00', 4, TRUE, 'Buenos ponentes tecnológicos.', 4),
(9, 1, '2025-03-18', '2025-03-18 13:00:00', 4, FALSE, 'Estaba demasiado lleno, no se podía caminar.', 3),
(10, 15, '2025-01-22', '2025-01-22 12:00:00', 5, FALSE, 'Pésima logística en el estacionamiento.', 1),
(11, 4, '2025-05-22', '2025-05-22 09:30:00', 5, TRUE, 'Muy buena muestra industrial.', 4),
(12, 9, '2025-02-14', '2025-02-14 19:00:00', 6, TRUE, 'Ambiente romántico y elegante, me encantó.', 5),
(13, 3, '2025-12-15', '2025-12-15 17:00:00', 6, TRUE, 'Conseguí todos los regalos de navidad.', 5),
(14, 11, '2025-10-06', '2025-10-06 10:00:00', 7, FALSE, 'El sonido de las conferencias era malo.', 2),
(15, 7, '2025-07-02', '2025-07-02 13:30:00', 7, TRUE, 'La comida estuvo brutal, muy recomendado.', 5),
(16, 12, '2025-05-03', '2025-05-03 15:00:00', 8, TRUE, 'Lindo detalle para las madres.', 4),
(17, 16, '2025-06-20', '2025-06-20 08:30:00', 9, TRUE, 'Networking efectivo, excelente ubicación.', 5),
(18, 19, '2025-09-05', '2025-09-05 09:00:00', 9, TRUE, 'Buenas oportunidades de negocio.', 4),
(19, 14, '2025-03-26', '2025-03-26 11:00:00', 9, FALSE, 'Pocas opciones inmobiliarias reales.', 2),
(20, 17, '2025-07-16', '2025-07-16 16:45:00', 10, TRUE, 'Diseños innovadores, me gustó mucho.', 4),
(21, 3, '2025-11-30', '2025-11-30 14:00:00', 10, FALSE, 'Precios demasiado altos en la entrada.', 2),
(22, 1, '2025-03-19', '2025-03-19 10:00:00', 11, TRUE, 'Todo muy profesional.', 4),
(23, 10, '2025-04-25', '2025-04-25 15:30:00', 12, TRUE, 'Excelente variedad de editoriales.', 5),
(24, 18, '2025-12-05', '2025-12-05 11:00:00', 12, TRUE, 'Artesanías preciosas, ambiente agradable.', 5),
(25, 6, '2025-06-14', '2025-06-14 13:00:00', 13, FALSE, 'Desordenado y sucio.', 1),
(26, 13, '2025-11-05', '2025-11-05 16:00:00', 13, TRUE, 'Los autos clásicos fueron lo mejor.', 5),
(27, 2, '2025-04-12', '2025-04-12 10:30:00', 14, TRUE, 'Organización impecable.', 5),
(28, 5, '2025-08-08', '2025-08-08 14:00:00', 14, FALSE, 'Esperaba más promoción turística.', 3),
(29, 8, '2025-09-11', '2025-09-11 09:00:00', 15, TRUE, 'Buenas charlas sobre IA.', 4),
(30, 20, '2025-06-05', '2025-06-05 17:00:00', 15, TRUE, 'Inspirador.', 5),
(31, 15, '2025-01-25', '2025-01-25 10:00:00', 16, TRUE, 'Buenos precios en maquinaria.', 4),
(32, 9, '2025-02-15', '2025-02-15 18:00:00', 17, FALSE, 'Muy pequeño el espacio para tanta gente.', 2),
(33, 4, '2025-05-23', '2025-05-23 11:30:00', 17, TRUE, 'Interesante sector metalúrgico.', 3),
(34, 3, '2025-12-01', '2025-12-01 19:00:00', 18, TRUE, 'El mejor bazar del año.', 5),
(35, 12, '2025-05-04', '2025-05-04 13:00:00', 18, TRUE, 'Lindo ambiente familiar.', 4),
(36, 11, '2025-10-07', '2025-10-07 09:30:00', 19, FALSE, 'Contenido repetitivo.', 2),
(37, 7, '2025-07-03', '2025-07-03 12:00:00', 19, TRUE, 'Deliciosa la comida larense.', 5),
(38, 19, '2025-09-06', '2025-09-06 10:00:00', 20, TRUE, 'Hice buenos contactos.', 4),
(39, 14, '2025-03-27', '2025-03-27 15:00:00', 21, FALSE, 'Nadie atendía en los stands.', 1),
(40, 1, '2025-03-15', '2025-03-15 09:00:00', 21, TRUE, 'Gran apertura.', 5),
(41, 17, '2025-07-17', '2025-07-17 16:00:00', 22, TRUE, 'Ropa de calidad.', 4),
(42, 10, '2025-04-24', '2025-04-24 11:00:00', 22, TRUE, 'Buenos libros.', 4),
(43, 6, '2025-06-15', '2025-06-15 10:00:00', 23, TRUE, 'Encontré las herramientas que buscaba.', 5),
(44, 16, '2025-06-21', '2025-06-21 09:00:00', 23, FALSE, 'El aire acondicionado estaba dañado.', 2),
(45, 18, '2025-12-08', '2025-12-08 14:00:00', 24, TRUE, 'Compré muchos recuerdos.', 5),
(46, 13, '2025-11-08', '2025-11-08 17:30:00', 25, TRUE, 'Excelente show de autos.', 5),
(47, 5, '2025-08-07', '2025-08-07 12:00:00', 25, FALSE, 'Poca afluencia.', 3),
(48, 2, '2025-04-10', '2025-04-10 08:00:00', 26, TRUE, 'Registro rápido y eficiente.', 5),
(49, 20, '2025-06-03', '2025-06-03 19:00:00', 27, TRUE, 'Vanguardista.', 5),
(50, 8, '2025-09-10', '2025-09-10 14:00:00', 27, FALSE, 'Wifi del evento no funcionaba.', 2),
(51, 15, '2025-01-28', '2025-01-28 11:00:00', 28, TRUE, 'Buenos animales en exhibición.', 4),
(52, 4, '2025-05-21', '2025-05-21 10:00:00', 28, TRUE, 'Organizado.', 4),
(53, 9, '2025-02-16', '2025-02-16 15:00:00', 29, FALSE, 'Todo carísimo.', 2),
(54, 3, '2025-11-25', '2025-11-25 18:00:00', 30, TRUE, 'Buen ambiente navideño.', 5),
(55, 12, '2025-05-02', '2025-05-02 10:00:00', 30, TRUE, 'Bonito evento.', 4),
(56, 7, '2025-07-01', '2025-07-01 13:00:00', 31, TRUE, 'La cata de vinos excelente.', 5),
(57, 11, '2025-10-05', '2025-10-05 09:00:00', 31, FALSE, 'Mala ubicación del salón.', 3),
(58, 1, '2025-03-20', '2025-03-20 16:00:00', 32, TRUE, 'Cierre del evento espectacular.', 5),
(59, 19, '2025-09-05', '2025-09-05 11:30:00', 33, TRUE, 'Productivo.', 4),
(60, 10, '2025-04-26', '2025-04-26 14:00:00', 33, TRUE, 'Conferencias literarias interesantes.', 4),
(61, 14, '2025-03-25', '2025-03-25 10:00:00', 34, FALSE, 'Poca variedad de proyectos.', 3),
(62, 17, '2025-07-15', '2025-07-15 18:00:00', 35, TRUE, 'Desfile de moda genial.', 5),
(63, 13, '2025-11-09', '2025-11-09 12:00:00', 35, TRUE, 'Los carros deportivos brutales.', 5),
(64, 6, '2025-06-12', '2025-06-12 11:00:00', 36, FALSE, 'Mucho ruido.', 2),
(65, 18, '2025-12-02', '2025-12-02 15:00:00', 37, TRUE, 'Apoyando el talento nacional.', 5),
(66, 2, '2025-04-11', '2025-04-11 14:00:00', 37, TRUE, 'Buenas instalaciones.', 4),
(67, 5, '2025-08-09', '2025-08-09 10:00:00', 38, FALSE, 'Cancelaron varias actividades.', 1),
(68, 8, '2025-09-10', '2025-09-10 16:00:00', 39, TRUE, 'Innovación pura.', 5),
(69, 16, '2025-06-21', '2025-06-21 11:00:00', 39, FALSE, 'La comida del buffet estaba fría.', 2),
(70, 4, '2025-05-20', '2025-05-20 09:00:00', 40, TRUE, 'Inauguración correcta.', 4),
(71, 9, '2025-02-15', '2025-02-15 14:00:00', 41, FALSE, 'No habían puestos de estacionamiento.', 1),
(72, 20, '2025-06-06', '2025-06-06 18:00:00', 41, TRUE, 'Muy creativo todo.', 5),
(73, 15, '2025-01-29', '2025-01-29 13:00:00', 42, TRUE, 'Feria muy completa.', 4),
(74, 3, '2025-11-18', '2025-11-18 16:30:00', 42, TRUE, 'Buenas compras.', 4),
(75, 12, '2025-05-05', '2025-05-05 11:00:00', 43, FALSE, 'Muy pequeño.', 3),
(76, 7, '2025-07-02', '2025-07-02 19:00:00', 44, TRUE, 'Excelente ambiente musical.', 5),
(77, 11, '2025-10-06', '2025-10-06 14:00:00', 44, TRUE, 'Buenos stands.', 4),
(78, 1, '2025-03-17', '2025-03-17 10:00:00', 45, TRUE, 'Construcción de primera.', 4),
(79, 19, '2025-09-06', '2025-09-06 15:00:00', 46, FALSE, 'Mala atención en recepción.', 2),
(80, 10, '2025-04-27', '2025-04-27 10:00:00', 46, TRUE, 'Conseguí libros raros.', 5),
(81, 14, '2025-03-26', '2025-03-26 16:00:00', 47, TRUE, 'Buenos proyectos de vivienda.', 4),
(82, 17, '2025-07-18', '2025-07-18 10:00:00', 48, TRUE, 'Textiles de alta calidad.', 5),
(83, 6, '2025-06-13', '2025-06-13 15:00:00', 48, FALSE, 'Mucho polvo.', 3),
(84, 18, '2025-12-09', '2025-12-09 11:00:00', 49, TRUE, 'Muy original.', 5),
(85, 13, '2025-11-04', '2025-11-04 14:00:00', 49, TRUE, 'Los rústicos increíbles.', 5),
(86, 2, '2025-04-11', '2025-04-11 11:00:00', 50, TRUE, 'Excelente congreso.', 5),(87, 5, '2025-08-05', '2025-08-05 10:00:00', 51, FALSE, 'Desorganizado.', 2),
(88, 8, '2025-09-11', '2025-09-11 15:00:00', 52, TRUE, 'Futurista.', 5),
(89, 4, '2025-05-24', '2025-05-24 12:00:00', 53, TRUE, 'Buen cierre.', 4),
(90, 9, '2025-02-14', '2025-02-14 18:00:00', 54, TRUE, 'Muy romántico.', 5),
(91, 20, '2025-06-04', '2025-06-04 10:00:00', 55, TRUE, 'Diseño top.', 5),
(92, 15, '2025-01-21', '2025-01-21 16:00:00', 56, TRUE, 'Buenos tractores.', 4),
(93, 3, '2025-12-10', '2025-12-10 18:00:00', 57, FALSE, 'Demasiada gente.', 3),
(94, 12, '2025-05-01', '2025-05-01 09:00:00', 58, TRUE, 'Lindo.', 4),
(95, 7, '2025-07-02', '2025-07-02 14:00:00', 59, TRUE, 'Sabroso.', 5),
(96, 11, '2025-10-06', '2025-10-06 11:00:00', 60, FALSE, 'Aburrido.', 2),
(97, 1, '2025-03-16', '2025-03-16 11:00:00', 61, TRUE, 'Muy bien.', 4),
(98, 19, '2025-09-05', '2025-09-05 14:00:00', 62, TRUE, 'Efectivo.', 4),
(99, 10, '2025-04-28', '2025-04-28 16:00:00', 63, TRUE, 'Libros baratos.', 5),
(100, 14, '2025-03-27', '2025-03-27 09:00:00', 64, FALSE, 'Pocos bancos.', 3),
(101, 17, '2025-07-16', '2025-07-16 11:00:00', 65, TRUE, 'Moda actual.', 4),
(102, 6, '2025-06-14', '2025-06-14 10:00:00', 66, TRUE, 'Conseguí tornillos.', 4),
(103, 18, '2025-12-03', '2025-12-03 15:00:00', 67, TRUE, 'Bonita artesanía.', 5),
(104, 13, '2025-11-02', '2025-11-02 12:00:00', 68, TRUE, 'Carros de lujo.', 5),
(105, 2, '2025-04-11', '2025-04-11 16:00:00', 69, TRUE, 'Medicina avanzada.', 5),
(106, 5, '2025-08-06', '2025-08-06 11:00:00', 70, FALSE, 'Falta organización.', 2),
(107, 8, '2025-09-11', '2025-09-11 10:00:00', 71, TRUE, 'Techie.', 5),
(108, 16, '2025-06-20', '2025-06-20 15:00:00', 72, FALSE, 'Café malo.', 2),
(109, 4, '2025-05-22', '2025-05-22 14:00:00', 73, TRUE, 'Industria fuerte.', 4),
(110, 9, '2025-02-15', '2025-02-15 19:00:00', 74, TRUE, 'Boda soñada.', 5),
(111, 20, '2025-06-02', '2025-06-02 11:00:00', 75, TRUE, 'Arte y diseño.', 5),
(112, 15, '2025-01-30', '2025-01-30 10:00:00', 76, TRUE, 'Campo venezolano.', 4),
(113, 3, '2025-11-20', '2025-11-20 17:00:00', 77, TRUE, 'Muchos regalos.', 4),
(114, 12, '2025-05-03', '2025-05-03 12:00:00', 78, TRUE, 'Para mamá.', 5),
(115, 7, '2025-07-01', '2025-07-01 18:00:00', 79, TRUE, 'Gastronomía top.', 5),
(116, 11, '2025-10-07', '2025-10-07 10:00:00', 80, FALSE, 'Ponentes aburridos.', 2),
(117, 1, '2025-03-18', '2025-03-18 14:00:00', 81, TRUE, 'Todo correcto.', 4),
(118, 19, '2025-09-06', '2025-09-06 09:00:00', 82, TRUE, 'Negocios rápidos.', 4),
(119, 10, '2025-04-25', '2025-04-25 15:00:00', 83, TRUE, 'Lectura agradable.', 5),
(120, 14, '2025-03-25', '2025-03-25 11:00:00', 84, FALSE, 'Muy caro todo.', 2),
(121, 17, '2025-07-17', '2025-07-17 15:00:00', 85, TRUE, 'Telas importadas.', 4),
(122, 6, '2025-06-15', '2025-06-15 09:00:00', 86, TRUE, 'Ferretería total.', 5),
(123, 18, '2025-12-10', '2025-12-10 12:00:00', 87, TRUE, 'Apoyo local.', 4),
(124, 13, '2025-11-06', '2025-11-06 16:00:00', 88, TRUE, 'Motor show.', 5),
(125, 2, '2025-04-12', '2025-04-12 11:00:00', 89, TRUE, 'Salud al día.', 5),
(126, 5, '2025-08-08', '2025-08-08 15:00:00', 90, FALSE, 'Poco contenido.', 2),
(127, 8, '2025-09-10', '2025-09-10 11:00:00', 91, TRUE, 'Tech lovers.', 5),
(128, 16, '2025-06-20', '2025-06-20 14:00:00', 92, FALSE, 'Sillas incómodas.', 3),
(129, 4, '2025-05-21', '2025-05-21 16:00:00', 93, TRUE, 'Hierro y acero.', 4),
(130, 9, '2025-02-15', '2025-02-15 20:00:00', 94, TRUE, 'Hermoso.', 5),
(131, 20, '2025-06-07', '2025-06-07 10:00:00', 95, TRUE, 'Creatividad.', 5),
(132, 15, '2025-01-26', '2025-01-26 15:00:00', 96, TRUE, 'Agro potente.', 4),
(133, 3, '2025-12-18', '2025-12-18 19:00:00', 97, TRUE, 'Compras de pánico.', 4),
(134, 12, '2025-05-02', '2025-05-02 11:00:00', 98, TRUE, 'Regalos lindos.', 5),
(135, 7, '2025-07-03', '2025-07-03 13:00:00', 99, TRUE, 'Comí demasiado.', 5),
(136, 11, '2025-10-06', '2025-10-06 15:00:00', 100, FALSE, 'Sin aire.', 1);